{
	"iModelToUnreal":
	{
		"rotation":
		{
			"x": 0,
			"y": 0,
			"z": 1,
			"w": 0
		},
		"translation":
		{
			"x": -3249860.4369924385,
			"y": 3174967.1438677134,
			"z": -9081.0837235450745
		},
		"scale3D":
		{
			"x": -99.999999999999972,
			"y": 100,
			"z": 100.00000000000001
		}
	},
	"unrealToIModel":
	{
		"rotation":
		{
			"x": 0,
			"y": 0,
			"z": 1,
			"w": 0
		},
		"translation":
		{
			"x": 32498.604369924396,
			"y": 31749.671438677135,
			"z": 90.810837235450734
		},
		"scale3D":
		{
			"x": -0.010000000000000004,
			"y": 0.01,
			"z": 0.0099999999999999985
		}
	},
	"iModelToUntransformedIModelInUE":
	{
		"rotation":
		{
			"x": 0,
			"y": 0,
			"z": 1,
			"w": 0
		},
		"translation":
		{
			"x": -3249860.4369924385,
			"y": 3174967.1438677134,
			"z": -9081.0837235450745
		},
		"scale3D":
		{
			"x": -99.999999999999972,
			"y": 100,
			"z": 100.00000000000001
		}
	},
	"iModelTilesetTransform":
	{
		"rotation":
		{
			"x": 0,
			"y": 0,
			"z": 0,
			"w": 1
		},
		"translation":
		{
			"x": 0,
			"y": 0,
			"z": 0
		},
		"scale3D":
		{
			"x": 1,
			"y": 1,
			"z": 1
		}
	}
}